id,nombre,categoria,subcategoria,unidad_medida,precio_unitario,merma_porcentaje,proveedor_sugerido,notas
1,Harina de trigo todo uso,Harinas y cereales,Harinas,kg,0.00,2,,,
2,Harina de trigo de fuerza,Harinas y cereales,Harinas,kg,0.00,2,,,
3,Harina de trigo integral,Harinas y cereales,Harinas,kg,0.00,2,,,
4,Harina de maíz,Harinas y cereales,Harinas,kg,0.00,2,,,
5,Harina de arroz,Harinas y cereales,Harinas,kg,0.00,2,,,
6,Harina de almendra,Harinas y cereales,Harinas,kg,0.00,2,,,
7,Harina de avena,Harinas y cereales,Harinas,kg,0.00,2,,,
8,Harina de centeno,Harinas y cereales,Harinas,kg,0.00,2,,,
9,Harina de garbanzo,Harinas y cereales,Harinas,kg,0.00,2,,,
10,Sémola de trigo,Harinas y cereales,Sémolas,kg,0.00,2,,,
11,Sémola fina,Harinas y cereales,Sémolas,kg,0.00,2,,,
12,Almidón de maíz (Maicena),Harinas y cereales,Almidones,kg,0.00,0,,,
13,Almidón de patata,Harinas y cereales,Almidones,kg,0.00,0,,,
14,Arroz de grano largo,Harinas y cereales,Arroces,kg,0.00,1,,,
15,Arroz bomba,Harinas y cereales,Arroces,kg,0.00,1,,,
16,Arroz redondo,Harinas y cereales,Arroces,kg,0.00,1,,,
17,Arroz integral,Harinas y cereales,Arroces,kg,0.00,1,,,
18,Arroz basmati,Harinas y cereales,Arroces,kg,0.00,1,,,
19,Arroz jazmín,Harinas y cereales,Arroces,kg,0.00,1,,,
20,Arroz negro,Harinas y cereales,Arroces,kg,0.00,1,,,
21,Arroz salvaje,Harinas y cereales,Arroces,kg,0.00,1,,,
22,Pasta spaghetti,Harinas y cereales,Pastas secas,kg,0.00,0,,,
23,Pasta penne,Harinas y cereales,Pastas secas,kg,0.00,0,,,
24,Pasta rigatoni,Harinas y cereales,Pastas secas,kg,0.00,0,,,
25,Pasta fusilli,Harinas y cereales,Pastas secas,kg,0.00,0,,,
26,Pasta farfalle,Harinas y cereales,Pastas secas,kg,0.00,0,,,
27,Pasta tagliatelle,Harinas y cereales,Pastas secas,kg,0.00,0,,,
28,Pasta lasaña,Harinas y cereales,Pastas secas,kg,0.00,0,,,
29,Pasta fresca (preparada),Harinas y cereales,Pastas frescas,kg,0.00,0,,,
30,Cuscús,Harinas y cereales,Otros cereales,kg,0.00,0,,,
31,Quinoa,Harinas y cereales,Otros cereales,kg,0.00,0,,,
32,Mijo,Harinas y cereales,Otros cereales,kg,0.00,0,,,
33,Bulgur,Harinas y cereales,Otros cereales,kg,0.00,0,,,
34,Avena en copos,Harinas y cereales,Otros cereales,kg,0.00,0,,,
35,Polenta,Harinas y cereales,Otros cereales,kg,0.00,0,,,
36,Pan de molde,Panadería,Panes,unidad,0.00,5,,,
37,Pan de baguette,Panadería,Panes,unidad,0.00,5,,,
38,Pan de chapata,Panadería,Panes,unidad,0.00,5,,,
39,Pan de centeno,Panadería,Panes,unidad,0.00,5,,,
40,Pan brioche,Panadería,Panes,unidad,0.00,5,,,
41,Pan de hamburguesa,Panadería,Panes,unidad,0.00,5,,,
42,Pan rallado,Panadería,Derivados del pan,kg,0.00,0,,,
43,Galletas tipo María,Panadería,Galletas,kg,0.00,0,,,
44,Galletas digestive,Panadería,Galletas,kg,0.00,0,,,
45,Levadura fresca,Harinas y cereales,Levaduras,kg,0.00,0,,,
46,Levadura seca activa,Harinas y cereales,Levaduras,kg,0.00,0,,,
47,Levadura química (polvo de hornear),Harinas y cereales,Levaduras,kg,0.00,0,,,
48,Bicarbonato sódico,Especias y condimentos,Impulsor,kg,0.00,0,,,
49,Ternera (filete),Carnes,Vacuno,kg,0.00,15,,,
50,Ternera (lomo bajo),Carnes,Vacuno,kg,0.00,10,,,
51,Ternera (lomo alto),Carnes,Vacuno,kg,0.00,10,,,
52,Ternera (solomillo),Carnes,Vacuno,kg,0.00,8,,,
53,Ternera (entrecot),Carnes,Vacuno,kg,0.00,10,,,
54,Buey (chuletón),Carnes,Vacuno,kg,0.00,12,,,
55,Buey (solomillo),Carnes,Vacuno,kg,0.00,8,,,
56,Ternera (osobuco),Carnes,Vacuno,kg,0.00,20,,,
57,Ternera (morcillo),Carnes,Vacuno,kg,0.00,15,,,
58,Ternera (rabo),Carnes,Vacuno,kg,0.00,25,,,
59,Ternera (carrillada),Carnes,Vacuno,kg,0.00,15,,,
60,Carne picada de vacuno,Carnes,Vacuno,kg,0.00,5,,,
61,Hígado de ternera,Carnes,Vacuno (vísceras),kg,0.00,10,,,
62,Riñones de ternera,Carnes,Vacuno (vísceras),kg,0.00,15,,,
63,Mollejas de ternera,Carnes,Vacuno (vísceras),kg,0.00,20,,,
64,Callos de ternera,Carnes,Vacuno (vísceras),kg,0.00,10,,,
65,Lengua de vacuno,Carnes,Vacuno (vísceras),kg,0.00,10,,,
66,Pechuga de pollo,Carnes,Aves,kg,0.00,10,,,
67,Muslo de pollo,Carnes,Aves,kg,0.00,20,,,
68,Contramuslo de pollo,Carnes,Aves,kg,0.00,15,,,
69,Alitas de pollo,Carnes,Aves,kg,0.00,20,,,
70,Pollo entero,Carnes,Aves,kg,0.00,25,,,
71,Carcasas de pollo,Carnes,Aves,kg,0.00,5,,,
72,Pechuga de pavo,Carnes,Aves,kg,0.00,10,,,
73,Muslo de pavo,Carnes,Aves,kg,0.00,20,,,
74,Pato entero,Carnes,Aves,kg,0.00,30,,,
75,Magret de pato,Carnes,Aves,kg,0.00,10,,,
76,Hígado de pato (foie),Carnes,Aves,kg,0.00,5,,,
77,Codorniz,Carnes,Aves,unidad,0.00,20,,,
78,Perdiz,Carnes,Aves,unidad,0.00,20,,,
79,Pintada,Carnes,Aves,unidad,0.00,25,,,
80,Lomo de cerdo,Carnes,Porcino,kg,0.00,10,,,
81,Solomillo de cerdo,Carnes,Porcino,kg,0.00,8,,,
82,Costillas de cerdo,Carnes,Porcino,kg,0.00,25,,,
83,Panceta de cerdo,Carnes,Porcino,kg,0.00,10,,,
84,Papada de cerdo,Carnes,Porcino,kg,0.00,10,,,
85,Carrillada de cerdo,Carnes,Porcino,kg,0.00,15,,,
86,Presa ibérica,Carnes,Porcino,kg,0.00,8,,,
87,Pluma ibérica,Carnes,Porcino,kg,0.00,8,,,
88,Secreto ibérico,Carnes,Porcino,kg,0.00,8,,,
89,Paleta de cerdo,Carnes,Porcino,kg,0.00,20,,,
90,Morcilla de cerdo,Carnes,Porcino (embutidos),kg,0.00,0,,,
91,Chorizo fresco,Carnes,Porcino (embutidos),kg,0.00,0,,,
92,Chorizo curado,Carnes,Porcino (embutidos),kg,0.00,0,,,
93,Salchichas frescas,Carnes,Porcino (embutidos),kg,0.00,0,,,
94,Salchicha tipo Frankfurt,Carnes,Porcino (embutidos),kg,0.00,0,,,
95,Jamón serrano,Carnes,Porcino (embutidos),kg,0.00,30,,,
96,Jamón ibérico,Carnes,Porcino (embutidos),kg,0.00,30,,,
97,Panceta ahumada (bacon),Carnes,Porcino (embutidos),kg,0.00,5,,,
98,Lomo embuchado,Carnes,Porcino (embutidos),kg,0.00,0,,,
99,Fuet,Carnes,Porcino (embutidos),kg,0.00,0,,,
100,Salami,Carnes,Porcino (embutidos),kg,0.00,0,,,
101,Pierna de cordero,Carnes,Ovino,kg,0.00,25,,,
102,Chuletillas de cordero,Carnes,Ovino,kg,0.00,30,,,
103,Paletilla de cordero,Carnes,Ovino,kg,0.00,25,,,
104,Carrillada de cordero,Carnes,Ovino,kg,0.00,20,,,
105,Carne picada de cordero,Carnes,Ovino,kg,0.00,5,,,
106,Conejo entero,Carnes,Otras carnes,kg,0.00,30,,,
107,Lomo de conejo,Carnes,Otras carnes,kg,0.00,10,,,
108,Jabalí (pierna),Carnes,Caza,kg,0.00,25,,,
109,Venado (lomo),Carnes,Caza,kg,0.00,15,,,
110,Liebre,Carnes,Caza,kg,0.00,30,,,
111,Merluza (filete),Pescados,Pescado blanco,kg,0.00,40,,,
112,Merluza (lomos),Pescados,Pescado blanco,kg,0.00,10,,,
113,Bacalao fresco,Pescados,Pescado blanco,kg,0.00,40,,,
114,Bacalao desalado,Pescados,Pescado blanco,kg,0.00,10,,,
115,Bacalao seco salado,Pescados,Pescado blanco,kg,0.00,50,,,
116,Lenguado (entero),Pescados,Pescado blanco,kg,0.00,50,,,
117,Lenguado (filetes),Pescados,Pescado blanco,kg,0.00,5,,,
118,Rodaballo,Pescados,Pescado blanco,kg,0.00,45,,,
119,Lubina,Pescados,Pescado blanco,kg,0.00,40,,,
120,Dorada,Pescados,Pescado blanco,kg,0.00,40,,,
121,Rape (entero),Pescados,Pescado blanco,kg,0.00,60,,,
122,Rape (cola limpia),Pescados,Pescado blanco,kg,0.00,10,,,
123,Gallo,Pescados,Pescado blanco,kg,0.00,45,,,
124,Mero,Pescados,Pescado blanco,kg,0.00,40,,,
125,Pez espada,Pescados,Pescado azul,kg,0.00,10,,,
126,Salmón (entero),Pescados,Pescado azul,kg,0.00,35,,,
127,Salmón (lomos),Pescados,Pescado azul,kg,0.00,5,,,
128,Salmón ahumado,Pescados,Pescado azul,kg,0.00,0,,,
129,Atún rojo (lomo),Pescados,Pescado azul,kg,0.00,10,,,
130,Bonito del norte,Pescados,Pescado azul,kg,0.00,35,,,
131,Caballa,Pescados,Pescado azul,kg,0.00,30,,,
132,Sardina,Pescados,Pescado azul,kg,0.00,25,,,
133,Boquerón / Anchoa fresca,Pescados,Pescado azul,kg,0.00,30,,,
134,Anchoas en salazón,Pescados,Conservas,kg,0.00,0,,,
135,Atún en conserva,Pescados,Conservas,kg,0.00,0,,,
136,Trucha,Pescados,Pescado de río,kg,0.00,35,,,
137,Trucha ahumada,Pescados,Pescado de río,kg,0.00,0,,,
138,Gamba blanca,Mariscos y crustáceos,Gambas y langostinos,kg,0.00,40,,,
139,Gamba roja,Mariscos y crustáceos,Gambas y langostinos,kg,0.00,45,,,
140,Langostino,Mariscos y crustáceos,Gambas y langostinos,kg,0.00,40,,,
141,Langostino pelado,Mariscos y crustáceos,Gambas y langostinos,kg,0.00,5,,,
142,Camarón,Mariscos y crustáceos,Gambas y langostinos,kg,0.00,30,,,
143,Langosta,Mariscos y crustáceos,Crustáceos,kg,0.00,55,,,
144,Bogavante,Mariscos y crustáceos,Crustáceos,kg,0.00,55,,,
145,Centollo,Mariscos y crustáceos,Crustáceos,kg,0.00,60,,,
146,Buey de mar,Mariscos y crustáceos,Crustáceos,kg,0.00,60,,,
147,Cangrejo de río,Mariscos y crustáceos,Crustáceos,kg,0.00,50,,,
148,Nécora,Mariscos y crustáceos,Crustáceos,kg,0.00,60,,,
149,Cigala,Mariscos y crustáceos,Crustáceos,kg,0.00,50,,,
150,Mejillón,Mariscos y crustáceos,Moluscos bivalvos,kg,0.00,50,,,
151,Almeja fina,Mariscos y crustáceos,Moluscos bivalvos,kg,0.00,20,,,
152,Almeja babosa,Mariscos y crustáceos,Moluscos bivalvos,kg,0.00,20,,,
153,Berberecho,Mariscos y crustáceos,Moluscos bivalvos,kg,0.00,40,,,
154,Ostra,Mariscos y crustáceos,Moluscos bivalvos,unidad,0.00,15,,,
155,Vieira,Mariscos y crustáceos,Moluscos bivalvos,unidad,0.00,20,,,
156,Zamburiña,Mariscos y crustáceos,Moluscos bivalvos,unidad,0.00,20,,,
157,Pulpo,Mariscos y crustáceos,Cefalópodos,kg,0.00,20,,,
158,Calamar,Mariscos y crustáceos,Cefalópodos,kg,0.00,30,,,
159,Sepia / Choco,Mariscos y crustáceos,Cefalópodos,kg,0.00,30,,,
160,Chipirones,Mariscos y crustáceos,Cefalópodos,kg,0.00,30,,,
161,Huevo gallina (L),Huevos y lácteos,Huevos,unidad,0.00,0,,,
162,Huevo gallina (XL),Huevos y lácteos,Huevos,unidad,0.00,0,,,
163,Huevo de codorniz,Huevos y lácteos,Huevos,unidad,0.00,0,,,
164,Clara de huevo pasteurizada,Huevos y lácteos,Huevos,litro,0.00,0,,,
165,Yema de huevo pasteurizada,Huevos y lácteos,Huevos,litro,0.00,0,,,
166,Leche entera,Huevos y lácteos,Leche,litro,0.00,0,,,
167,Leche semidesnatada,Huevos y lácteos,Leche,litro,0.00,0,,,
168,Leche desnatada,Huevos y lácteos,Leche,litro,0.00,0,,,
169,Leche evaporada,Huevos y lácteos,Leche,litro,0.00,0,,,
170,Leche condensada,Huevos y lácteos,Leche,kg,0.00,0,,,
171,Nata para cocinar (18% m.g.),Huevos y lácteos,Nata,litro,0.00,0,,,
172,Nata para montar (35% m.g.),Huevos y lácteos,Nata,litro,0.00,0,,,
173,Nata doble (48% m.g.),Huevos y lácteos,Nata,litro,0.00,0,,,
174,Nata ácida / Crème fraîche,Huevos y lácteos,Nata,kg,0.00,0,,,
175,Mantequilla sin sal,Huevos y lácteos,Mantequilla,kg,0.00,0,,,
176,Mantequilla con sal,Huevos y lácteos,Mantequilla,kg,0.00,0,,,
177,Mantequilla clarificada (ghee),Huevos y lácteos,Mantequilla,kg,0.00,0,,,
178,Yogur natural,Huevos y lácteos,Yogur,kg,0.00,0,,,
179,Yogur griego,Huevos y lácteos,Yogur,kg,0.00,0,,,
180,Suero de leche (buttermilk),Huevos y lácteos,Derivados,litro,0.00,0,,,
181,Queso parmesano,Quesos,Quesos curados,kg,0.00,5,,,
182,Queso manchego curado,Quesos,Quesos curados,kg,0.00,10,,,
183,Queso manchego semicurado,Quesos,Quesos semicurados,kg,0.00,10,,,
184,Queso gouda,Quesos,Quesos semicurados,kg,0.00,10,,,
185,Queso emmental,Quesos,Quesos semicurados,kg,0.00,10,,,
186,Queso gruyère,Quesos,Quesos semicurados,kg,0.00,10,,,
187,Queso cheddar,Quesos,Quesos semicurados,kg,0.00,10,,,
188,Queso mozzarella fresca,Quesos,Quesos frescos,kg,0.00,0,,,
189,Queso burrata,Quesos,Quesos frescos,unidad,0.00,0,,,
190,Queso ricotta,Quesos,Quesos frescos,kg,0.00,0,,,
191,Queso mascarpone,Quesos,Quesos frescos,kg,0.00,0,,,
192,Queso crema (Philadelphia),Quesos,Quesos frescos,kg,0.00,0,,,
193,Queso de cabra (rulo),Quesos,Quesos de cabra,unidad,0.00,5,,,
194,Queso roquefort,Quesos,Quesos azules,kg,0.00,10,,,
195,Queso gorgonzola,Quesos,Quesos azules,kg,0.00,10,,,
196,Queso cabrales,Quesos,Quesos azules,kg,0.00,10,,,
197,Queso brie,Quesos,Quesos blandos,kg,0.00,10,,,
198,Queso camembert,Quesos,Quesos blandos,unidad,0.00,10,,,
199,Queso provolone,Quesos,Quesos hilados,kg,0.00,5,,,
200,Queso feta,Quesos,Quesos griegos,kg,0.00,5,,,
201,Aceite de oliva virgen extra,Aceites y grasas,Aceites,litro,0.00,0,,,
202,Aceite de oliva virgen,Aceites y grasas,Aceites,litro,0.00,0,,,
203,Aceite de oliva suave,Aceites y grasas,Aceites,litro,0.00,0,,,
204,Aceite de girasol,Aceites y grasas,Aceites,litro,0.00,0,,,
205,Aceite de maíz,Aceites y grasas,Aceites,litro,0.00,0,,,
206,Aceite de sésamo,Aceites y grasas,Aceites,litro,0.00,0,,,
207,Aceite de trufa blanca,Aceites y grasas,Aceites especiales,litro,0.00,0,,,
208,Aceite de trufa negra,Aceites y grasas,Aceites especiales,litro,0.00,0,,,
209,Aceite de aguacate,Aceites y grasas,Aceites,litro,0.00,0,,,
210,Aceite de coco,Aceites y grasas,Aceites,litro,0.00,0,,,
211,Manteca de cerdo,Aceites y grasas,Grasas animales,kg,0.00,0,,,
212,Grasa de pato,Aceites y grasas,Grasas animales,kg,0.00,0,,,
213,Margarina,Aceites y grasas,Grasas vegetales,kg,0.00,0,,,
214,Ajo,Verduras y hortalizas,Bulbos,kg,0.00,20,,,
215,Cebolla blanca,Verduras y hortalizas,Bulbos,kg,0.00,20,,,
216,Cebolla morada,Verduras y hortalizas,Bulbos,kg,0.00,20,,,
217,Cebolla tierna / Cebolleta,Verduras y hortalizas,Bulbos,kg,0.00,15,,,
218,Puerro,Verduras y hortalizas,Bulbos,kg,0.00,30,,,
219,Chalota / Escalonias,Verduras y hortalizas,Bulbos,kg,0.00,20,,,
220,Tomate redondo,Verduras y hortalizas,Tomates,kg,0.00,10,,,
221,Tomate pera,Verduras y hortalizas,Tomates,kg,0.00,10,,,
222,Tomate cherry,Verduras y hortalizas,Tomates,kg,0.00,5,,,
223,Tomate kumato,Verduras y hortalizas,Tomates,kg,0.00,10,,,
224,Tomate raf,Verduras y hortalizas,Tomates,kg,0.00,10,,,
225,Tomate concentrado,Verduras y hortalizas,Tomates procesados,kg,0.00,0,,,
226,Tomate triturado (lata),Verduras y hortalizas,Tomates procesados,kg,0.00,0,,,
227,Tomate pelado entero (lata),Verduras y hortalizas,Tomates procesados,kg,0.00,0,,,
228,Pimiento rojo,Verduras y hortalizas,Pimientos,kg,0.00,20,,,
229,Pimiento verde italiano,Verduras y hortalizas,Pimientos,kg,0.00,20,,,
230,Pimiento amarillo,Verduras y hortalizas,Pimientos,kg,0.00,20,,,
231,Pimiento de Padrón,Verduras y hortalizas,Pimientos,kg,0.00,10,,,
232,Pimiento morrón (asado),Verduras y hortalizas,Pimientos procesados,kg,0.00,0,,,
233,Zanahoria,Verduras y hortalizas,Raíces,kg,0.00,20,,,
234,Nabo,Verduras y hortalizas,Raíces,kg,0.00,20,,,
235,Remolacha,Verduras y hortalizas,Raíces,kg,0.00,20,,,
236,Apio,Verduras y hortalizas,Tallos,kg,0.00,25,,,
237,Apio nabo (celeriac),Verduras y hortalizas,Raíces,kg,0.00,30,,,
238,Hinojo,Verduras y hortalizas,Bulbos/Tallos,kg,0.00,30,,,
239,Alcachofa,Verduras y hortalizas,Flores,kg,0.00,55,,,
240,Brócoli,Verduras y hortalizas,Flores,kg,0.00,35,,,
241,Coliflor,Verduras y hortalizas,Flores,kg,0.00,35,,,
242,Col repollo,Verduras y hortalizas,Coles,kg,0.00,25,,,
243,Col lombarda,Verduras y hortalizas,Coles,kg,0.00,25,,,
244,Coles de Bruselas,Verduras y hortalizas,Coles,kg,0.00,15,,,
245,Berza / Col rizada,Verduras y hortalizas,Coles,kg,0.00,20,,,
246,Bok choy,Verduras y hortalizas,Coles,kg,0.00,15,,,
247,Lechuga iceberg,Verduras y hortalizas,Ensaladas,kg,0.00,25,,,
248,Lechuga romana,Verduras y hortalizas,Ensaladas,kg,0.00,25,,,
249,Lechuga batavia,Verduras y hortalizas,Ensaladas,kg,0.00,25,,,
250,Espinacas (frescas),Verduras y hortalizas,Hojas,kg,0.00,20,,,
251,Acelgas,Verduras y hortalizas,Hojas,kg,0.00,20,,,
252,Rúcula,Verduras y hortalizas,Hojas,kg,0.00,15,,,
253,Canónigos,Verduras y hortalizas,Hojas,kg,0.00,10,,,
254,Escarola,Verduras y hortalizas,Hojas,kg,0.00,20,,,
255,Endibia,Verduras y hortalizas,Hojas,kg,0.00,15,,,
256,Berros,Verduras y hortalizas,Hojas,kg,0.00,15,,,
257,Microvegetales (mix),Verduras y hortalizas,Microvegetales,kg,0.00,5,,,
258,Patata,Verduras y hortalizas,Tubérculos,kg,0.00,15,,,
259,Patata nueva,Verduras y hortalizas,Tubérculos,kg,0.00,10,,,
260,Patata de Galicia,Verduras y hortalizas,Tubérculos,kg,0.00,15,,,
261,Boniato / Batata,Verduras y hortalizas,Tubérculos,kg,0.00,15,,,
262,Yuca / Mandioca,Verduras y hortalizas,Tubérculos,kg,0.00,20,,,
263,Rábano,Verduras y hortalizas,Raíces,kg,0.00,15,,,
264,Pepino,Verduras y hortalizas,Cucurbitáceas,kg,0.00,10,,,
265,Calabacín,Verduras y hortalizas,Cucurbitáceas,kg,0.00,10,,,
266,Calabaza,Verduras y hortalizas,Cucurbitáceas,kg,0.00,25,,,
267,Berenjena,Verduras y hortalizas,Solanáceas,kg,0.00,10,,,
268,Espárrago verde,Verduras y hortalizas,Tallos,kg,0.00,30,,,
269,Espárrago blanco (fresco),Verduras y hortalizas,Tallos,kg,0.00,25,,,
270,Espárrago blanco (conserva),Verduras y hortalizas,Conservas vegetales,kg,0.00,0,,,
271,Guisante fresco,Verduras y hortalizas,Legumbres frescas,kg,0.00,55,,,
272,Guisante congelado,Verduras y hortalizas,Congelados,kg,0.00,0,,,
273,Judía verde,Verduras y hortalizas,Legumbres frescas,kg,0.00,15,,,
274,Habas frescas,Verduras y hortalizas,Legumbres frescas,kg,0.00,60,,,
275,Habas congeladas,Verduras y hortalizas,Congelados,kg,0.00,0,,,
276,Maíz dulce (mazorca),Verduras y hortalizas,Cereales frescos,unidad,0.00,40,,,
277,Maíz en grano (conserva),Verduras y hortalizas,Conservas vegetales,kg,0.00,0,,,
278,Alcaparra,Verduras y hortalizas,Conservas vegetales,kg,0.00,0,,,
279,Aceituna negra,Verduras y hortalizas,Conservas vegetales,kg,0.00,15,,,
280,Aceituna verde,Verduras y hortalizas,Conservas vegetales,kg,0.00,15,,,
281,Garbanzo seco,Legumbres secas,Legumbres,kg,0.00,3,,,
282,Garbanzo cocido (conserva),Legumbres secas,Legumbres,kg,0.00,0,,,
283,Lenteja pardina,Legumbres secas,Legumbres,kg,0.00,3,,,
284,Lenteja roja,Legumbres secas,Legumbres,kg,0.00,3,,,
285,Lenteja verde,Legumbres secas,Legumbres,kg,0.00,3,,,
286,Alubia blanca,Legumbres secas,Legumbres,kg,0.00,3,,,
287,Alubia roja,Legumbres secas,Legumbres,kg,0.00,3,,,
288,Alubia negra,Legumbres secas,Legumbres,kg,0.00,3,,,
289,Frijoles (varios),Legumbres secas,Legumbres,kg,0.00,3,,,
290,Soja (grano seco),Legumbres secas,Legumbres,kg,0.00,3,,,
291,Manzana golden,Frutas,Frutas de pepita,kg,0.00,15,,,
292,Manzana granny smith,Frutas,Frutas de pepita,kg,0.00,15,,,
293,Manzana fuji,Frutas,Frutas de pepita,kg,0.00,15,,,
294,Pera conferencia,Frutas,Frutas de pepita,kg,0.00,15,,,
295,Pera blanquilla,Frutas,Frutas de pepita,kg,0.00,15,,,
296,Membrillo,Frutas,Frutas de pepita,kg,0.00,20,,,
297,Melocotón,Frutas,Frutas de hueso,kg,0.00,15,,,
298,Nectarina,Frutas,Frutas de hueso,kg,0.00,10,,,
299,Ciruela roja,Frutas,Frutas de hueso,kg,0.00,10,,,
300,Ciruela claudia,Frutas,Frutas de hueso,kg,0.00,10,,,
301,Albaricoque,Frutas,Frutas de hueso,kg,0.00,15,,,
302,Cereza,Frutas,Frutas de hueso,kg,0.00,10,,,
303,Naranja de zumo,Frutas,Cítricos,kg,0.00,45,,,
304,Naranja de mesa,Frutas,Cítricos,kg,0.00,30,,,
305,Limón,Frutas,Cítricos,kg,0.00,25,,,
306,Lima,Frutas,Cítricos,kg,0.00,25,,,
307,Mandarina,Frutas,Cítricos,kg,0.00,25,,,
308,Pomelo,Frutas,Cítricos,kg,0.00,30,,,
309,Yuzu (zumo),Frutas,Cítricos,litro,0.00,0,,,
310,Bergamota,Frutas,Cítricos,kg,0.00,30,,,
311,Plátano,Frutas,Frutas tropicales,kg,0.00,30,,,
312,Mango,Frutas,Frutas tropicales,kg,0.00,35,,,
313,Piña (fresca),Frutas,Frutas tropicales,kg,0.00,45,,,
314,Papaya,Frutas,Frutas tropicales,kg,0.00,35,,,
315,Maracuyá / Fruta de la pasión,Frutas,Frutas tropicales,kg,0.00,50,,,
316,Coco (fresco),Frutas,Frutas tropicales,unidad,0.00,50,,,
317,Leche de coco,Frutas,Derivados tropicales,litro,0.00,0,,,
318,Crema de coco,Frutas,Derivados tropicales,litro,0.00,0,,,
319,Aguacate,Frutas,Frutas tropicales,kg,0.00,30,,,
320,Kiwi,Frutas,Frutas exóticas,kg,0.00,15,,,
321,Lichi,Frutas,Frutas exóticas,kg,0.00,20,,,
322,Guayaba,Frutas,Frutas exóticas,kg,0.00,20,,,
323,Higo fresco,Frutas,Otras frutas,kg,0.00,10,,,
324,Uva blanca,Frutas,Uvas,kg,0.00,10,,,
325,Uva negra,Frutas,Uvas,kg,0.00,10,,,
326,Sandía,Frutas,Frutas de verano,kg,0.00,40,,,
327,Melón piel de sapo,Frutas,Frutas de verano,kg,0.00,40,,,
328,Melón cantalupo,Frutas,Frutas de verano,kg,0.00,40,,,
329,Fresas,Frutas,Frutas de temporada,kg,0.00,10,,,
330,Frambuesas,Frutas,Berries,kg,0.00,5,,,
331,Arándanos,Frutas,Berries,kg,0.00,5,,,
332,Moras,Frutas,Berries,kg,0.00,5,,,
333,Grosellas rojas,Frutas,Berries,kg,0.00,5,,,
334,Grosellas negras,Frutas,Berries,kg,0.00,5,,,
335,Frutos rojos mix (congelados),Frutas,Berries,kg,0.00,0,,,
336,Champiñón,Setas y hongos,Cultivados,kg,0.00,10,,,
337,Portobello,Setas y hongos,Cultivados,kg,0.00,10,,,
338,Shiitake,Setas y hongos,Cultivados,kg,0.00,10,,,
339,Seta de ostra (pleurotus),Setas y hongos,Cultivados,kg,0.00,15,,,
340,Boletus (fresco),Setas y hongos,Silvestres,kg,0.00,15,,,
341,Boletus (seco),Setas y hongos,Silvestres,kg,0.00,5,,,
342,Rovellón / Níscalo,Setas y hongos,Silvestres,kg,0.00,10,,,
343,Trufa negra,Setas y hongos,Silvestres,kg,0.00,5,,,
344,Trufa blanca,Setas y hongos,Silvestres,kg,0.00,5,,,
345,Trufa de verano,Setas y hongos,Silvestres,kg,0.00,5,,,
346,Seta enoki,Setas y hongos,Cultivados,kg,0.00,10,,,
347,Setas variadas (mix),Setas y hongos,Cultivados,kg,0.00,10,,,
348,Sal marina fina,Especias y condimentos,Sal,kg,0.00,0,,,
349,Sal marina gruesa,Especias y condimentos,Sal,kg,0.00,0,,,
350,Sal en escamas (Maldon),Especias y condimentos,Sal,kg,0.00,0,,,
351,Sal ahumada,Especias y condimentos,Sal,kg,0.00,0,,,
352,Flor de sal,Especias y condimentos,Sal,kg,0.00,0,,,
353,Sal de hierbas,Especias y condimentos,Sal,kg,0.00,0,,,
354,Pimienta negra en grano,Especias y condimentos,Pimientas,kg,0.00,0,,,
355,Pimienta negra molida,Especias y condimentos,Pimientas,kg,0.00,0,,,
356,Pimienta blanca molida,Especias y condimentos,Pimientas,kg,0.00,0,,,
357,Pimienta roja en grano,Especias y condimentos,Pimientas,kg,0.00,0,,,
358,Pimienta verde en grano,Especias y condimentos,Pimientas,kg,0.00,0,,,
359,Pimienta mezcla 4 bayas,Especias y condimentos,Pimientas,kg,0.00,0,,,
360,Pimentón dulce,Especias y condimentos,Pimentones,kg,0.00,0,,,
361,Pimentón picante,Especias y condimentos,Pimentones,kg,0.00,0,,,
362,Pimentón ahumado,Especias y condimentos,Pimentones,kg,0.00,0,,,
363,Cayena (seca),Especias y condimentos,Chiles,kg,0.00,0,,,
364,Chile chipotle,Especias y condimentos,Chiles,kg,0.00,0,,,
365,Guindilla roja seca,Especias y condimentos,Chiles,kg,0.00,0,,,
366,Ñora (pimiento seco),Especias y condimentos,Pimentones,kg,0.00,0,,,
367,Comino en grano,Especias y condimentos,Especias,kg,0.00,0,,,
368,Comino molido,Especias y condimentos,Especias,kg,0.00,0,,,
369,Coriandro en grano,Especias y condimentos,Especias,kg,0.00,0,,,
370,Coriandro molido,Especias y condimentos,Especias,kg,0.00,0,,,
371,Cúrcuma,Especias y condimentos,Especias,kg,0.00,0,,,
372,Jengibre seco molido,Especias y condimentos,Especias,kg,0.00,0,,,
373,Jengibre fresco,Especias y condimentos,Raíces aromáticas,kg,0.00,10,,,
374,Canela en rama,Especias y condimentos,Especias dulces,kg,0.00,0,,,
375,Canela molida,Especias y condimentos,Especias dulces,kg,0.00,0,,,
376,Clavo de olor,Especias y condimentos,Especias dulces,kg,0.00,0,,,
377,Cardamomo (vainas),Especias y condimentos,Especias dulces,kg,0.00,0,,,
378,Cardamomo molido,Especias y condimentos,Especias dulces,kg,0.00,0,,,
379,Anís estrellado,Especias y condimentos,Especias dulces,kg,0.00,0,,,
380,Anís en grano,Especias y condimentos,Especias dulces,kg,0.00,0,,,
381,Nuez moscada entera,Especias y condimentos,Especias dulces,kg,0.00,0,,,
382,Nuez moscada molida,Especias y condimentos,Especias dulces,kg,0.00,0,,,
383,Vainilla (vaina),Especias y condimentos,Especias dulces,unidad,0.00,0,,,
384,Extracto de vainilla,Especias y condimentos,Extractos,litro,0.00,0,,,
385,Azafrán,Especias y condimentos,Especias,gramo,0.00,0,,,
386,Hebras de azafrán,Especias y condimentos,Especias,gramo,0.00,0,,,
387,Curry en polvo,Especias y condimentos,Mezclas,kg,0.00,0,,,
388,Ras el hanout,Especias y condimentos,Mezclas,kg,0.00,0,,,
389,Garam masala,Especias y condimentos,Mezclas,kg,0.00,0,,,
390,Hierbas provenzales,Especias y condimentos,Mezclas,kg,0.00,0,,,
391,Baharat,Especias y condimentos,Mezclas,kg,0.00,0,,,
392,Zaatar,Especias y condimentos,Mezclas,kg,0.00,0,,,
393,Sumac,Especias y condimentos,Especias,kg,0.00,0,,,
394,Fenugreek (alholva),Especias y condimentos,Especias,kg,0.00,0,,,
395,Mostaza en grano,Especias y condimentos,Especias,kg,0.00,0,,,
396,Laurel,Hierbas aromáticas,Hierbas secas,kg,0.00,0,,,
397,Romero (fresco),Hierbas aromáticas,Hierbas frescas,kg,0.00,5,,,
398,Tomillo (fresco),Hierbas aromáticas,Hierbas frescas,kg,0.00,5,,,
399,Orégano (seco),Hierbas aromáticas,Hierbas secas,kg,0.00,0,,,
400,Perejil (fresco),Hierbas aromáticas,Hierbas frescas,kg,0.00,10,,,
401,Albahaca (fresca),Hierbas aromáticas,Hierbas frescas,kg,0.00,10,,,
402,Salvia (fresca),Hierbas aromáticas,Hierbas frescas,kg,0.00,10,,,
403,Menta (fresca),Hierbas aromáticas,Hierbas frescas,kg,0.00,10,,,
404,Cilantro (fresco),Hierbas aromáticas,Hierbas frescas,kg,0.00,10,,,
405,Estragón (fresco),Hierbas aromáticas,Hierbas frescas,kg,0.00,10,,,
406,Cebollino (fresco),Hierbas aromáticas,Hierbas frescas,kg,0.00,10,,,
407,Eneldo (fresco),Hierbas aromáticas,Hierbas frescas,kg,0.00,10,,,
408,Mejorana (seca),Hierbas aromáticas,Hierbas secas,kg,0.00,0,,,
409,Perifollo (fresco),Hierbas aromáticas,Hierbas frescas,kg,0.00,10,,,
410,Lemongrass,Hierbas aromáticas,Hierbas exóticas,kg,0.00,20,,,
411,Hoja de curry,Hierbas aromáticas,Hierbas exóticas,kg,0.00,10,,,
412,Hoja de kafir lima,Hierbas aromáticas,Hierbas exóticas,kg,0.00,10,,,
413,Azúcar blanquilla,Azúcares,Azúcares,kg,0.00,0,,,
414,Azúcar glass (en polvo),Azúcares,Azúcares,kg,0.00,0,,,
415,Azúcar moreno,Azúcares,Azúcares,kg,0.00,0,,,
416,Azúcar demerara,Azúcares,Azúcares,kg,0.00,0,,,
417,Azúcar muscovado,Azúcares,Azúcares,kg,0.00,0,,,
418,Azúcar isomalt,Azúcares,Azúcares técnicos,kg,0.00,0,,,
419,Glucosa (jarabe),Azúcares,Azúcares técnicos,kg,0.00,0,,,
420,Glucosa en polvo (dextrosa),Azúcares,Azúcares técnicos,kg,0.00,0,,,
421,Trehalosa,Azúcares,Azúcares técnicos,kg,0.00,0,,,
422,Miel,Azúcares,Endulzantes naturales,kg,0.00,0,,,
423,Melaza,Azúcares,Endulzantes naturales,kg,0.00,0,,,
424,Sirope de ágave,Azúcares,Endulzantes naturales,litro,0.00,0,,,
425,Sirope de arce,Azúcares,Endulzantes naturales,litro,0.00,0,,,
426,Sirope de glucosa,Azúcares,Azúcares técnicos,litro,0.00,0,,,
427,Fructosa,Azúcares,Azúcares técnicos,kg,0.00,0,,,
428,Vinagre de vino blanco,Vinagres y ácidos,Vinagres,litro,0.00,0,,,
429,Vinagre de vino tinto,Vinagres y ácidos,Vinagres,litro,0.00,0,,,
430,Vinagre de manzana,Vinagres y ácidos,Vinagres,litro,0.00,0,,,
431,Vinagre balsámico de Módena,Vinagres y ácidos,Vinagres,litro,0.00,0,,,
432,Vinagre de Jerez,Vinagres y ácidos,Vinagres,litro,0.00,0,,,
433,Vinagre de arroz,Vinagres y ácidos,Vinagres,litro,0.00,0,,,
434,Zumo de limón (natural),Vinagres y ácidos,Ácidos cítricos,litro,0.00,0,,,
435,Ácido cítrico,Vinagres y ácidos,Aditivos,kg,0.00,0,,,
436,Salsa de soja,Salsas y condimentos,Salsas asiáticas,litro,0.00,0,,,
437,Salsa de soja tamari,Salsas y condimentos,Salsas asiáticas,litro,0.00,0,,,
438,Salsa de ostras,Salsas y condimentos,Salsas asiáticas,litro,0.00,0,,,
439,Salsa de pescado (fish sauce),Salsas y condimentos,Salsas asiáticas,litro,0.00,0,,,
440,Salsa Worcestershire,Salsas y condimentos,Salsas occidentales,litro,0.00,0,,,
441,Salsa Tabasco,Salsas y condimentos,Salsas picantes,litro,0.00,0,,,
442,Salsa Sriracha,Salsas y condimentos,Salsas picantes,litro,0.00,0,,,
443,Mostaza Dijon,Salsas y condimentos,Mostazas,kg,0.00,0,,,
444,Mostaza antigua,Salsas y condimentos,Mostazas,kg,0.00,0,,,
445,Kétchup,Salsas y condimentos,Salsas occidentales,kg,0.00,0,,,
446,Mayonesa,Salsas y condimentos,Salsas frías,kg,0.00,0,,,
447,Alioli (base),Salsas y condimentos,Salsas frías,kg,0.00,0,,,
448,Salsa béchamel (preparada),Salsas y condimentos,Salsas madre,kg,0.00,0,,,
449,Pasta de tomate frito,Salsas y condimentos,Salsas de tomate,kg,0.00,0,,,
450,Tahini (pasta de sésamo),Salsas y condimentos,Pastas,kg,0.00,0,,,
451,Pasta miso blanco,Salsas y condimentos,Fermentados,kg,0.00,0,,,
452,Pasta miso rojo,Salsas y condimentos,Fermentados,kg,0.00,0,,,
453,Pasta de curry rojo,Salsas y condimentos,Pastas de curry,kg,0.00,0,,,
454,Pasta de curry verde,Salsas y condimentos,Pastas de curry,kg,0.00,0,,,
455,Harissa,Salsas y condimentos,Pastas picantes,kg,0.00,0,,,
456,Fondo de ternera (base),Fondos y caldos,Fondos oscuros,litro,0.00,0,,,
457,Caldo de pollo (base),Fondos y caldos,Fondos claros,litro,0.00,0,,,
458,Caldo de pescado (fumet),Fondos y caldos,Fondos de pescado,litro,0.00,0,,,
459,Caldo de verduras,Fondos y caldos,Fondos vegetales,litro,0.00,0,,,
460,Consomé de carne,Fondos y caldos,Consomés,litro,0.00,0,,,
461,Demi-glace,Fondos y caldos,Reducciones,litro,0.00,0,,,
462,Glace de viande,Fondos y caldos,Reducciones,litro,0.00,0,,,
463,Caldo de marisco (base),Fondos y caldos,Fondos de marisco,litro,0.00,0,,,
464,Vino blanco seco,Vinos y licores cocina,Vinos,litro,0.00,0,,,
465,Vino tinto (cocina),Vinos y licores cocina,Vinos,litro,0.00,0,,,
466,Vino de Jerez (fino),Vinos y licores cocina,Vinos generosos,litro,0.00,0,,,
467,Vino de Jerez (oloroso),Vinos y licores cocina,Vinos generosos,litro,0.00,0,,,
468,Vino Oporto (tinto),Vinos y licores cocina,Vinos generosos,litro,0.00,0,,,
469,Brandy / Coñac,Vinos y licores cocina,Destilados,litro,0.00,0,,,
470,Calvados,Vinos y licores cocina,Destilados,litro,0.00,0,,,
471,Cointreau / Triple seco,Vinos y licores cocina,Licores,litro,0.00,0,,,
472,Ron añejo,Vinos y licores cocina,Destilados,litro,0.00,0,,,
473,Vodka,Vinos y licores cocina,Destilados,litro,0.00,0,,,
474,Cerveza (cocina),Vinos y licores cocina,Cervezas,litro,0.00,0,,,
475,Sidra,Vinos y licores cocina,Sidras,litro,0.00,0,,,
476,Chocolate negro 70%,Chocolates y cacao,Chocolate,kg,0.00,0,,,
477,Chocolate negro 85%,Chocolates y cacao,Chocolate,kg,0.00,0,,,
478,Chocolate con leche,Chocolates y cacao,Chocolate,kg,0.00,0,,,
479,Chocolate blanco,Chocolates y cacao,Chocolate,kg,0.00,0,,,
480,Chocolate ruby,Chocolates y cacao,Chocolate,kg,0.00,0,,,
481,Cacao en polvo (sin azúcar),Chocolates y cacao,Cacao,kg,0.00,0,,,
482,Pasta de cacao puro,Chocolates y cacao,Cacao,kg,0.00,0,,,
483,Manteca de cacao,Chocolates y cacao,Cacao,kg,0.00,0,,,
484,Cobertura de chocolate negro,Chocolates y cacao,Coberturas,kg,0.00,0,,,
485,Cobertura de chocolate blanco,Chocolates y cacao,Coberturas,kg,0.00,0,,,
486,Nuez,Frutos secos,Frutos secos,kg,0.00,50,,,
487,Almendra en grano,Frutos secos,Frutos secos,kg,0.00,5,,,
488,Almendra fileteada,Frutos secos,Frutos secos,kg,0.00,0,,,
489,Almendra en polvo,Frutos secos,Frutos secos,kg,0.00,0,,,
490,Avellana entera,Frutos secos,Frutos secos,kg,0.00,30,,,
491,Avellana molida,Frutos secos,Frutos secos,kg,0.00,0,,,
492,Piñón,Frutos secos,Frutos secos,kg,0.00,0,,,
493,Pistacho (pelado),Frutos secos,Frutos secos,kg,0.00,0,,,
494,Pistacho molido,Frutos secos,Frutos secos,kg,0.00,0,,,
495,Anacardo,Frutos secos,Frutos secos,kg,0.00,0,,,
496,Macadamia,Frutos secos,Frutos secos,kg,0.00,0,,,
497,Cacahuete (sin sal),Frutos secos,Frutos secos,kg,0.00,0,,,
498,Pasta de avellana (praliné),Frutos secos,Pastas,kg,0.00,0,,,
499,Pasta de almendra,Frutos secos,Pastas,kg,0.00,0,,,
500,Pasta de pistacho,Frutos secos,Pastas,kg,0.00,0,,,
501,Dátil,Frutas deshidratadas,Frutas deshidratadas,kg,0.00,10,,,
502,Pasas sultanas,Frutas deshidratadas,Frutas deshidratadas,kg,0.00,0,,,
503,Pasas de corinto,Frutas deshidratadas,Frutas deshidratadas,kg,0.00,0,,,
504,Orejón de albaricoque,Frutas deshidratadas,Frutas deshidratadas,kg,0.00,0,,,
505,Ciruela pasa,Frutas deshidratadas,Frutas deshidratadas,kg,0.00,0,,,
506,Higo seco,Frutas deshidratadas,Frutas deshidratadas,kg,0.00,0,,,
507,Cranberry deshidratado,Frutas deshidratadas,Frutas deshidratadas,kg,0.00,0,,,
508,Mango deshidratado,Frutas deshidratadas,Frutas deshidratadas,kg,0.00,0,,,
509,Sésamo blanco,Semillas,Semillas,kg,0.00,0,,,
510,Sésamo negro,Semillas,Semillas,kg,0.00,0,,,
511,Semillas de amapola,Semillas,Semillas,kg,0.00,0,,,
512,Semillas de chía,Semillas,Semillas,kg,0.00,0,,,
513,Semillas de lino,Semillas,Semillas,kg,0.00,0,,,
514,Semillas de calabaza,Semillas,Semillas,kg,0.00,0,,,
515,Semillas de girasol,Semillas,Semillas,kg,0.00,0,,,
516,Gelatina en hojas (cola de pescado),Aditivos y gelificantes,Gelificantes,kg,0.00,0,,,
517,Gelatina en polvo,Aditivos y gelificantes,Gelificantes,kg,0.00,0,,,
518,Agar-agar,Aditivos y gelificantes,Gelificantes,kg,0.00,0,,,
519,Carragenatos,Aditivos y gelificantes,Gelificantes,kg,0.00,0,,,
520,Metilcelulosa,Aditivos y gelificantes,Gelificantes técnicos,kg,0.00,0,,,
521,Xantana (goma xantana),Aditivos y gelificantes,Espesantes,kg,0.00,0,,,
522,Goma guar,Aditivos y gelificantes,Espesantes,kg,0.00,0,,,
523,Lecitina de soja,Aditivos y gelificantes,Emulsionantes,kg,0.00,0,,,
524,Glicerina alimentaria,Aditivos y gelificantes,Humectantes,litro,0.00,0,,,
525,Pectina NH,Aditivos y gelificantes,Gelificantes,kg,0.00,0,,,
526,Pectina amarilla,Aditivos y gelificantes,Gelificantes,kg,0.00,0,,,
527,Colorante rojo (carmin),Aditivos y gelificantes,Colorantes,kg,0.00,0,,,
528,Colorante verde (clorofila),Aditivos y gelificantes,Colorantes,kg,0.00,0,,,
529,Colorante negro carbón vegetal,Aditivos y gelificantes,Colorantes,kg,0.00,0,,,
530,Polvo de remolacha (color),Aditivos y gelificantes,Colorantes naturales,kg,0.00,0,,,
531,Café espresso,Bebidas e infusiones,Café,litro,0.00,0,,,
532,Café molido,Bebidas e infusiones,Café,kg,0.00,0,,,
533,Café instantáneo,Bebidas e infusiones,Café,kg,0.00,0,,,
534,Té negro,Bebidas e infusiones,Tés,kg,0.00,0,,,
535,Té verde,Bebidas e infusiones,Tés,kg,0.00,0,,,
536,Té matcha,Bebidas e infusiones,Tés,kg,0.00,0,,,
537,Té earl grey,Bebidas e infusiones,Tés,kg,0.00,0,,,
538,Agua mineral,Bebidas e infusiones,Agua,litro,0.00,0,,,
539,Agua con gas,Bebidas e infusiones,Agua,litro,0.00,0,,,
540,Zumo de naranja (pasteurizado),Bebidas e infusiones,Zumos,litro,0.00,0,,,
541,Zumo de manzana,Bebidas e infusiones,Zumos,litro,0.00,0,,,
542,Nata vegetal para montar,Ingredientes veganos,Nata vegetal,litro,0.00,0,,,
543,Bebida de soja,Ingredientes veganos,Bebidas vegetales,litro,0.00,0,,,
544,Bebida de almendra,Ingredientes veganos,Bebidas vegetales,litro,0.00,0,,,
545,Bebida de avena,Ingredientes veganos,Bebidas vegetales,litro,0.00,0,,,
546,Tofu firme,Ingredientes veganos,Proteínas vegetales,kg,0.00,0,,,
547,Tofu sedoso,Ingredientes veganos,Proteínas vegetales,kg,0.00,0,,,
548,Tempeh,Ingredientes veganos,Proteínas vegetales,kg,0.00,0,,,
549,Seitán,Ingredientes veganos,Proteínas vegetales,kg,0.00,0,,,
550,Proteína de guisante texturizada,Ingredientes veganos,Proteínas vegetales,kg,0.00,0,,,
551,Foie gras (mi-cuit),Productos gourmet,Foie y patés,kg,0.00,5,,,
552,Foie gras (fresco, lóbulo),Productos gourmet,Foie y patés,kg,0.00,20,,,
553,Caviar beluga,Productos gourmet,Caviar,kg,0.00,0,,,
554,Caviar Oscietra,Productos gourmet,Caviar,kg,0.00,0,,,
555,Huevas de salmón,Productos gourmet,Huevas,kg,0.00,0,,,
556,Huevas de trucha,Productos gourmet,Huevas,kg,0.00,0,,,
557,Trufa negra rallada,Productos gourmet,Trufas,kg,0.00,0,,,
558,Aceite de trufa (aromatizado),Productos gourmet,Trufas,litro,0.00,0,,,
559,Flores comestibles (mix),Productos gourmet,Decoración,kg,0.00,5,,,
560,Pétalos de rosa comestibles,Productos gourmet,Decoración,kg,0.00,5,,,
561,Oro en polvo comestible,Productos gourmet,Decoración,gramo,0.00,0,,,
562,Hoja de oro (24k),Productos gourmet,Decoración,unidad,0.00,0,,,
563,Jamón ibérico de bellota (pata negra),Productos gourmet,Embutidos premium,kg,0.00,30,,,
564,Anchoas del Cantábrico,Productos gourmet,Conservas premium,kg,0.00,0,,,
565,Pasta de trufa negra,Productos gourmet,Trufas,kg,0.00,0,,,
